relPop,latitude,longitude
0.0012610340479192938,50.78,6.08
0.00033185106524191943,57.5,9.85
0.0004645914913386872,50.93,4.03
0.00026548085219353553,56.17,10.22
0.0007964425565806067,50.1,1.83
0.0005309617043870711,57.17,-2.07
0.00026548085219353553,39.63,-8.2
0.00019911063914515166,40.95,14.37
0.0006637021304838389,37.62,15.25
0.0003982212782903033,43.95,12.42
0.00019911063914515166,44.68,8.47
0.00033185106524191943,37.67,14.83
0.00033185106524191943,36.75,-3.02
0.00026548085219353553,40.92,14.3
0.00026548085219353553,43.32,3.47
0.000597331917435455,44.2,0.62
0.00019911063914515166,41.8,14.37
0.00026548085219353553,41.85,-1.93
0.0007300723435322228,37.3,13.58
0.00026548085219353553,37.52,-4.67
0.00026548085219353553,37.42,-1.58
6.637021304838388e-05,50.19,34.95
0.0003982212782903033,37.42,14.45
0.00019911063914515166,43.7,-0.27
0.0014601446870644455,43.53,5.43
0.00019911063914515166,41.92,8.73
0.00026548085219353553,41.3,-5.22
0.00013274042609676777,,8.17
0.00026548085219353553,41.72,13.35
0.00019911063914515166,44.7,8.03
0.00013274042609676777,46.07,23.58
0.00033185106524191943,38.98,-1.85
0.0005309617043870711,43.93,2.15
0.0004645914913386872,39.22,-6.98
0.0003982212782903033,40.49,-3.37
0.0004645914913386872,37.47,-3.93
0.0005309617043870711,37.98,12.97
0.00019911063914515166,41.05,-0.13
0.00019911063914515166,38.67,-2.48
0.0005309617043870711,39.4,-3.2
0.00019911063914515166,39.15,-0.43
0.0,40.21,-3.82
0.00026548085219353553,38.7,-0.47
0.0005309617043870711,48.43,0.08
0.00026548085219353553,44.13,4.08
0.0008628127696289905,44.9,8.62
0.00033185106524191943,42.18,-1.75
0.00019911063914515166,36.13,-5.45
0.00026548085219353553,40.57,8.32
0.0007300723435322228,38.37,-0.48
0.0009291829826773744,52.63,4.73
0.00013274042609676777,38.68,-9.15
0.0005309617043870711,38.88,-3.72
0.00019911063914515166,38.87,-1.1
6.637021304838388e-05,38.68,-6.42
0.0,52.37,5.22
0.0005309617043870711,36.83,-2.45
0.0,54.9,52.3
0.00026548085219353553,38.72,-4.17
0.0008628127696289905,40.83,16.55
6.637021304838388e-05,38.62,-0.05
0.00033185106524191943,50.98,12.43
0.0005309617043870711,56.57,9.93
0.00013274042609676777,47.38,9.55
0.0,38.73,-9.23
0.00013274042609676777,40.63,14.6
0.00026548085219353553,49.45,11.87
0.00026548085219353553,45.55,3.75
0.00033185106524191943,47.42,0.98
0.000597331917435455,52.15,5.4
0.0019911063914515165,49.9,2.3
0.006902502157031924,52.37,4.9
0.00019911063914515166,41.73,13.17
0.000597331917435455,43.63,13.5
0.00019911063914515166,50.43,7.4
6.637021304838388e-05,42.5,1.5
0.0006637021304838389,41.22,16.3
0.0007300723435322228,38.05,-4.07
0.00033185106524191943,44.05,3.98
0.001791995752306365,47.47,-0.55
0.0003982212782903033,45.65,0.15
0.00019911063914515166,40.73,14.57
0.00019911063914515166,53.85,13.68
0.00026548085219353553,,
0.00026548085219353553,45.9,6.12
0.00019911063914515166,45.23,4.67
0.00026548085219353553,49.28,10.6
0.0013937744740160616,37.02,-4.55
0.00013274042609676777,43.58,7.1
0.0037167319307094978,51.22,4.42
0.00019911063914515166,45.73,7.32
6.637021304838388e-05,52.22,5.97
0.00026548085219353553,43.88,5.4
0.0005309617043870711,42.35,13.37
0.0004645914913386872,37.88,-6.55
0.00019911063914515166,46.18,21.33
0.00013274042609676777,37.4,13.62
0.00026548085219353553,41.68,-3.68
0.00026548085219353553,46.9,5.77
0.00019911063914515166,37.1,-4.38
0.00026548085219353553,36.75,-5.8
0.00019911063914515166,50.98,3.2
0.0003982212782903033,43.42,11.88
0.00026548085219353553,48.75,-0.02
0.00026548085219353553,48.95,2.25
0.00019911063914515166,37.62,22.72
0.00026548085219353553,64.57,40.67
0.0005309617043870711,41.15,15.08
0.00026548085219353553,37.93,-4.05
0.0012610340479192938,43.67,4.63
0.00013274042609676777,49.68,5.82
0.00019911063914515166,54.35,-6.65
0.0,,41.12
0.00019911063914515166,50.68,2.88
0.0004645914913386872,51.98,5.92
0.00013274042609676777,40.93,-8.25
0.0003982212782903033,41.63,13.62
0.001128293621822526,50.28,2.78
0.00026548085219353553,39.15,20.98
6.637021304838388e-05,55.4,43.8
0.00013274042609676777,49.98,9.15
0.00019911063914515166,51.75,11.45
0.00019911063914515166,42.87,13.58
0.00019911063914515166,41.2,15.57
0.00013274042609676777,53.48,-2.1
0.00019911063914515166,38.35,-0.75
0.00033185106524191943,43.07,12.62
0.0006637021304838389,44.9,8.2
0.00013274042609676777,42.45,-6.05
0.0012610340479192938,46.35,48.05
0.00019911063914515166,44.07,14.45
0.00019911063914515166,50.63,3.78
0.0013937744740160616,37.97,23.72
0.0,,
0.00033185106524191943,42.58,13.97
0.00026548085219353553,43.28,5.57
0.00033185106524191943,43.67,0.6
0.0021238468175482843,48.35,10.88
0.00033185106524191943,37.22,15.23
0.0005309617043870711,44.93,2.43
0.00026548085219353553,46.95,4.3
0.00026548085219353553,47.8,3.57
0.00013274042609676777,47.48,3.9
0.00033185106524191943,40.63,-8.65
0.00033185106524191943,40.82,14.78
0.000597331917435455,40.97,14.2
0.00026548085219353553,40.73,15.73
0.0019911063914515165,43.95,4.82
0.0005309617043870711,40.65,-4.7
0.00033185106524191943,36.9,15.15
0.00013274042609676777,48.68,-1.37
0.00019911063914515166,38.27,-5.88
6.637021304838388e-05,53.15,29.23
6.637021304838388e-05,46.58,26.92
0.00019911063914515166,50.87,9.7
6.637021304838388e-05,47.72,13.63
0.00019911063914515166,49.87,7.85
0.0007964425565806067,38.88,-6.97
6.637021304838388e-05,41.45,2.25
0.00013274042609676777,48.77,8.23
0.0007300723435322228,37.62,-4.32
0.0008628127696289905,37.98,-3.47
0.00019911063914515166,38.3,15.82
0.00019911063914515166,43.07,0.15
0.00013274042609676777,45.5,2.62
0.0008628127696289905,44.75,33.87
0.00019911063914515166,47.67,23.58
0.00013274042609676777,50.73,2.73
0.00013274042609676777,46.18,18.95
0.00033185106524191943,45.3,14.53
0.0,,47.8
0.0,55.82,37.97
0.00013274042609676777,47.97,29.65
0.0007300723435322228,49.88,10.88
0.0003982212782903033,44.77,17.18
0.00026548085219353553,48.73,19.12
0.0004645914913386872,48.47,18.93
0.00033185106524191943,48.78,5.17
0.0,53.13,26.02
0.00019911063914515166,42.03,0.13
0.0020574766044999006,41.38,2.18
0.0010619234087741421,41.12,16.87
0.0009291829826773744,41.32,16.28
6.637021304838388e-05,51.28,7.22
6.637021304838388e-05,53.57,-1.47
0.00013274042609676777,37.37,14.2
0.0008628127696289905,47.55,7.58
0.0004645914913386872,45.77,11.73
0.00013274042609676777,42.7,9.45
0.0,47.17,39.73
0.00019911063914515166,51.38,-2.36
0.00026548085219353553,51.18,14.48
0.0003982212782903033,49.27,-0.7
0.0006637021304838389,43.48,-1.48
0.00019911063914515166,49.95,11.58
0.00026548085219353553,37.5,-2.75
0.0003982212782903033,43.8,4.63
0.00026548085219353553,47.03,4.83
0.0007964425565806067,49.43,2.08
0.00019911063914515166,42.1,-4.65
0.00013274042609676777,51.75,8.03
0.00013274042609676777,43.62,3.17
0.0004645914913386872,38.02,-7.87
0.00013274042609676777,40.38,-5.77
6.637021304838388e-05,46.77,21.13
6.637021304838388e-05,46.67,21.09
0.00013274042609676777,54.58,-5.92
0.00013274042609676777,47.63,6.87
0.00013274042609676777,50.6,36.6
0.0,,
0.00033185106524191943,46.2,30.33
0.0019911063914515165,44.83,20.5
0.00019911063914515166,40.77,15.55
0.00033185106524191943,46.15,12.22
0.00019911063914515166,45.05,34.6
0.00019911063914515166,37.58,14.97
0.00019911063914515166,53.82,36.15
0.00026548085219353553,46.8,29.48
0.0004645914913386872,41.13,14.75
0.00033185106524191943,40.7,19.95
6.637021304838388e-05,49.9,28.65
0.0,46.75,36.78
0.0,59.42,56.78
0.0015928851131612133,45.7,9.72
0.000597331917435455,60.38,5.33
0.00013274042609676777,51.5,4.28
0.00013274042609676777,44.85,0.48
6.637021304838388e-05,,7.13
0.00013274042609676777,50.97,2.43
0.0015265149001128294,52.52,13.4
0.0003982212782903033,46.95,7.43
0.00026548085219353553,49.1,0.6
0.00026548085219353553,51.8,11.73
0.00019911063914515166,55.77,
0.0007964425565806067,47.25,6.03
0.00026548085219353553,50.53,2.63
0.00019911063914515166,51.22,4.25
0.00019911063914515166,53.85,-0.43
0.000597331917435455,43.35,3.25
6.637021304838388e-05,53.15,23.15
0.00019911063914515166,37.63,14.87
0.00019911063914515166,48.1,9.97
0.00019911063914515166,52.02,8.52
0.00019911063914515166,45.57,8.05
0.00013274042609676777,49.82,19.03
0.00033185106524191943,43.25,-2.97
0.00013274042609676777,45.73,3.35
0.00019911063914515166,52.57,-2.07
0.00013274042609676777,50.4,4.17
0.00013274042609676777,49.97,7.9
0.00026548085219353553,52.48,-1.9
0.00026548085219353553,37.7,13.25
0.0005309617043870711,41.23,16.52
0.00026548085219353553,47.13,24.5
0.0005309617043870711,41.02,21.33
0.0008628127696289905,41.12,16.68
0.00033185106524191943,37.62,13.43
6.637021304838388e-05,53.74,-2.48
0.0,53.82,-3.05
0.0005309617043870711,47.58,1.33
0.00026548085219353553,50.98,20.42
0.00013274042609676777,51.47,7.08
0.0,50.17,35.53
0.0,,
0.00026548085219353553,53.42,
0.004181323422048184,44.5,11.33
0.00013274042609676777,53.58,-2.43
0.00033185106524191943,46.52,11.37
0.00013274042609676777,41.38,9.17
0.00033185106524191943,50.73,7.08
0.00013274042609676777,48.17,0.43
0.0027875489480321232,44.83,-0.57
6.637021304838388e-05,51.38,42.03
0.00019911063914515166,54.23,28.5
0.00013274042609676777,58.37,
0.00013274042609676777,55.2,36.47
6.637021304838388e-05,51.25,32.42
0.00013274042609676777,40.3,8.5
0.00019911063914515166,52.97,-0.02
0.00019911063914515166,47.75,26.92
6.637021304838388e-05,51.52,6.92
0.00019911063914515166,50.72,1.62
0.0,48.83,2.23
0.00013274042609676777,50.95,2.2
0.00033185106524191943,46.2,5.22
0.0010619234087741421,47.08,2.4
0.0,50.72,-1.88
0.00019911063914515166,44.32,7.55
0.00019911063914515166,44.7,7.85
0.00033185106524191943,53.8,-1.75
0.0007300723435322228,41.55,-8.43
0.00019911063914515166,41.78,-6.77
0.0003982212782903033,45.27,27.98
0.0004645914913386872,52.4,12.53
0.00033185106524191943,54.4,19.83
0.0007300723435322228,45.65,25.62
0.000597331917435455,48.15,17.12
0.0010619234087741421,52.25,10.5
0.0005309617043870711,51.58,4.77
0.00026548085219353553,48.02,7.6
0.0015928851131612133,53.08,8.8
0.0,53.55,8.58
0.002322957456693436,45.55,10.25
6.637021304838388e-05,52.1,23.7
0.0004645914913386872,48.4,-4.48
6.637021304838388e-05,48.67,17.57
0.00019911063914515166,50.84,-0.13
0.00026548085219353553,43.4,6.07
0.0005309617043870711,40.65,17.93
0.00013274042609676777,45.3,3.38
0.0009955531957257582,51.27,-2.35
0.00013274042609676777,45.17,1.53
0.00013274042609676777,53.25,34.37
0.000597331917435455,49.2,16.62
0.00019911063914515166,50.08,25.13
0.00019911063914515166,52.34,-2.06
0.0005309617043870711,37.8,14.83
0.0003982212782903033,39.62,-6.78
6.637021304838388e-05,49.12,8.58
0.0020574766044999006,51.22,3.23
0.004181323422048184,50.83,4.33
0.00026548085219353553,50.87,17.45
0.0007964425565806067,47.5,19.04
0.0003982212782903033,37.9,-4.38
0.0012610340479192938,44.43,26.1
0.00019911063914515166,52.28,11.85
0.00019911063914515166,42.5,27.47
0.00026548085219353553,37.6,13.28
0.0006637021304838389,42.35,-3.7
6.637021304838388e-05,53.79,-2.25
0.00019911063914515166,39.9,-0.08
0.00013274042609676777,50.78,6.08
6.637021304838388e-05,53.04,-2.19
6.637021304838388e-05,53.59,-2.3
0.00033185106524191943,52.25,0.72
0.00033185106524191943,44.52,7.48
0.00019911063914515166,45.15,26.82
0.00019911063914515166,53.13,
0.00013274042609676777,53.5,30.25
0.0005309617043870711,37.47,-4.45
0.0003982212782903033,39.48,-6.37
0.0005309617043870711,37.93,13.67
0.0009291829826773744,36.53,-6.3
0.0018583659653547489,49.18,-0.35
0.0007300723435322228,39.22,9.1
0.0003982212782903033,44.5,1.43
0.00019911063914515166,40.95,14.3
0.00026548085219353553,42.3,-1.97
0.00033185106524191943,50.95,1.83
0.00026548085219353553,37.6,14.28
0.00033185106524191943,37.83,12.87
0.00026548085219353553,41.35,-1.63
0.00026548085219353553,37.23,14.52
0.0007300723435322228,37.23,14.52
0.0007300723435322228,37.48,14.07
0.00026548085219353553,37.82,13.88
0.00019911063914515166,40.47,15.85
0.0007964425565806067,50.17,3.23
0.0004645914913386872,52.21,0.12
0.00026548085219353553,43.13,13.07
0.0004645914913386872,37.63,13.63
0.00019911063914515166,40.67,15.13
0.00019911063914515166,42.72,13.68
0.00026548085219353553,39.02,-7.07
0.00033185106524191943,39.4,-3.12
0.00026548085219353553,41.57,14.65
0.00019911063914515166,47.5,25.62
0.00026548085219353553,43.35,-5.13
0.00033185106524191943,37.37,13.85
0.00019911063914515166,43.55,7.02
0.0004645914913386872,51.28,1.09
0.00033185106524191943,41.1,14.2
0.00019911063914515166,44.42,7.43
0.0003982212782903033,38.1,-1.85
0.00026548085219353553,39.13,-0.47
0.0006637021304838389,43.22,2.35
6.637021304838388e-05,51.29,-3.11
6.637021304838388e-05,47.68,22.47
0.00019911063914515166,44.9,7.67
0.00019911063914515166,38.13,13.18
0.00013274042609676777,54.89,-2.94
0.00019911063914515166,52.83,-6.92
0.0003982212782903033,44.85,7.72
0.0005309617043870711,37.47,-5.63
0.00026548085219353553,44.05,5.05
0.00019911063914515166,44.07,7.72
0.00026548085219353553,,-5.82
0.0005309617043870711,37.6,-0.98
0.0005309617043870711,45.13,8.45
0.00019911063914515166,44.98,10.43
0.00019911063914515166,41.07,14.33
0.00026548085219353553,41.23,-0.05
0.00019911063914515166,39.78,16.33
0.0003982212782903033,37.93,14.1
6.637021304838388e-05,,
0.0006637021304838389,40.7,14.48
0.00019911063914515166,39.98,-0.03
0.00019911063914515166,43.32,1.95
0.00033185106524191943,39.82,-7.5
0.0004645914913386872,39.42,-7.45
0.00019911063914515166,44.03,1.1
0.00013274042609676777,37.55,13.63
0.0007300723435322228,37.88,13.63
0.00026548085219353553,53.87,-9.28
0.0004645914913386872,43.6,2.23
0.00026548085219353553,37.68,13.6
0.00013274042609676777,38.1,15.22
0.0010619234087741421,37.5,15.1
0.0007300723435322228,38.9,16.6
0.00013274042609676777,37.62,13.4
0.00026548085219353553,40.7,14.7
0.00033185106524191943,43.83,5.03
0.00013274042609676777,44.78,7.37
0.0004645914913386872,37.92,
0.00013274042609676777,56.15,47.25
0.0003982212782903033,38.03,14.03
6.637021304838388e-05,47.17,19.8
0.00019911063914515166,52.62,10.08
0.00013274042609676777,49.43,32.07
0.00013274042609676777,51.5,31.3
6.637021304838388e-05,54.63,21.82
0.00013274042609676777,48.3,25.93
0.00019911063914515166,41.02,14.62
0.00013274042609676777,41.67,1.28
0.00019911063914515166,44.13,14.55
0.0003982212782903033,44.13,12.25
0.00019911063914515166,48.98,14.47
0.00013274042609676777,49.75,18.62
0.00019911063914515166,39.53,15.95
0.000597331917435455,48.95,4.37
0.0006637021304838389,46.78,4.85
0.00026548085219353553,45.57,5.93
6.637021304838388e-05,50.42,4.43
0.00026548085219353553,49.77,4.72
0.0,52.52,13.2
0.0007300723435322228,48.45,1.5
0.00019911063914515166,47.83,-0.7
0.0003982212782903033,48.08,1.33
0.00026548085219353553,45.82,1.7
0.00033185106524191943,46.82,0.55
0.00013274042609676777,51.36,0.54
0.00026548085219353553,48.12,5.13
0.00013274042609676777,41.73,-7.47
0.0003982212782903033,50.02,12.87
0.00019911063914515166,53.33,18.42
0.00013274042609676777,51.74,0.48
6.637021304838388e-05,51.9,-2.07
0.00026548085219353553,50.83,12.92
0.00019911063914515166,44.65,7.85
0.00026548085219353553,49.65,-1.65
6.637021304838388e-05,59.13,37.9
0.0,44.22,42.05
0.00033185106524191943,53.19,-2.89
0.00026548085219353553,53.25,-1.42
0.00033185106524191943,37.03,14.7
0.00026548085219353553,44.32,9.32
0.00019911063914515166,50.84,-0.78
0.00033185106524191943,45.02,7.82
0.000597331917435455,42.35,14.17
0.00026548085219353553,40.13,-3.42
0.0003982212782903033,47.17,0.25
0.0007964425565806067,45.22,12.28
0.0,55.35,50.53
0.00033185106524191943,37.68,13.27
0.00026548085219353553,45.18,7.88
0.00013274042609676777,47.07,-0.9
0.0,50.3,18.95
0.00019911063914515166,46.83,9.51
6.637021304838388e-05,38.23,-1.42
0.0003982212782903033,37.88,13.57
0.00019911063914515166,38.15,13.1
0.00033185106524191943,43.45,12.23
0.00033185106524191943,38.98,-3.93
0.0008628127696289905,40.6,-6.53
0.00019911063914515166,42.08,11.78
0.00013274042609676777,47.45,3.52
0.00026548085219353553,51.8,10.33
0.00013274042609676777,43.62,3.42
0.0005309617043870711,45.78,3.08
0.00019911063914515166,52.35,-7.7
0.000597331917435455,46.78,23.62
0.00013274042609676777,46.43,4.65
0.00019911063914515166,50.25,10.97
0.00013274042609676777,51.93,7.17
0.0006637021304838389,40.2,-8.42
0.000597331917435455,51.89,0.9
0.0005309617043870711,48.08,7.37
0.00033185106524191943,40.67,-3.77
0.00033185106524191943,40.1,-3.38
0.00013274042609676777,50.77,3.02
0.00033185106524191943,36.95,14.62
0.0007964425565806067,45.78,9.08
0.00026548085219353553,49.42,2.83
0.00013274042609676777,48.85,-0.55
0.00013274042609676777,50.45,3.6
0.00026548085219353553,43.97,0.38
0.00013274042609676777,45.47,4.75
0.00026548085219353553,45.88,12.3
0.00019911063914515166,53.16,-2.22
6.637021304838388e-05,44.17,28.63
0.00026548085219353553,37.87,-5.62
0.0003982212782903033,39.47,-3.6
0.00033185106524191943,40.97,17.13
0.0005309617043870711,41.15,16.42
0.0020574766044999006,37.88,-4.77
0.0004645914913386872,51.9,-8.47
0.00026548085219353553,37.82,13.3
0.00019911063914515166,41.15,27.8
0.00026548085219353553,39.77,-3.18
0.00013274042609676777,42.3,9.13
0.00026548085219353553,43.27,11.98
0.00033185106524191943,39.28,16.27
0.00026548085219353553,47.4,2.92
0.00019911063914515166,51.72,14.35
0.00033185106524191943,43.05,-1.43
0.0003982212782903033,,
0.00033185106524191943,40.28,-7.5
0.00013274042609676777,44.32,23.8
6.637021304838388e-05,51.12,-0.18
0.0006637021304838389,45.37,9.68
0.0018583659653547489,45.12,10.03
0.00013274042609676777,38.25,-0.8
0.00013274042609676777,51.2,7.13
0.00013274042609676777,51.37,-0.11
6.637021304838388e-05,46.72,20.15
0.0006637021304838389,40.07,-2.13
0.00013274042609676777,43.23,6.07
6.637021304838388e-05,49.85,36.69
0.00019911063914515166,39.17,-0.25
0.0007300723435322228,44.38,7.53
0.00013274042609676777,50.82,19.1
0.0,50.33,19.18
0.0004645914913386872,39.07,-3.62
0.00019911063914515166,36.83,-2.85
6.637021304838388e-05,54.53,-1.55
0.00013274042609676777,49.88,8.67
0.00013274042609676777,49.45,1.15
6.637021304838388e-05,55.87,26.53
0.00026548085219353553,43.72,-1.05
0.00013274042609676777,51.22,1.4
0.00033185106524191943,41.52,20.5
0.0009955531957257582,47.53,21.63
0.0016592553262095972,,4.35
0.00033185106524191943,51.03,4.12
0.00013274042609676777,51.48,-0.03
0.00013274042609676777,42.05,48.3
0.00013274042609676777,52.92,-1.48
0.00026548085219353553,51.83,12.23
0.0004645914913386872,52.25,6.17
0.000597331917435455,49.93,1.08
0.00019911063914515166,50.98,5.05
0.00013274042609676777,44.08,6.23
0.0013937744740160616,47.32,5.02
0.0,54.22,49.6
0.0005309617043870711,48.45,-2.03
0.00033185106524191943,50.27,4.92
0.00026548085219353553,49.07,10.35
0.0003982212782903033,40.08,20.17
0.00019911063914515166,48.45,34.98
0.0,49.72,25.63
6.637021304838388e-05,51.12,13.12
0.00033185106524191943,47.1,5.5
0.000597331917435455,38.95,-5.87
0.00013274042609676777,53.52,-1.13
0.0,,37.8
0.0013274042609676777,51.8,4.67
6.637021304838388e-05,47.42,9.77
0.00013274042609676777,54.9,33.3
0.00033185106524191943,51.52,7.47
0.0007964425565806067,50.37,3.07
0.00013274042609676777,50.4,3.78
0.00019911063914515166,51.13,1.31
0.00026548085219353553,54.33,-5.72
0.00026548085219353553,43.53,6.47
0.00013274042609676777,59.73,10.25
0.0014601446870644455,51.05,13.73
0.00033185106524191943,48.73,1.37
0.00013274042609676777,44.57,22.67
0.00033185106524191943,53.72,-6.35
0.001128293621822526,53.33,-6.25
0.00013274042609676777,50.47,25.67
0.00026548085219353553,52.51,-2.1
0.00019911063914515166,50.8,6.5
0.0004645914913386872,51.2,6.78
0.00019911063914515166,51.42,6.77
6.637021304838388e-05,46.8,18.92
0.00026548085219353553,54.02,-6.42
0.0005309617043870711,56.46,-2.97
0.0007300723435322228,51.05,2.37
6.637021304838388e-05,54.78,-1.57
0.00013274042609676777,41.3,19.47
6.637021304838388e-05,56.23,43.45
6.637021304838388e-05,,14.58
0.00019911063914515166,40.62,15.05
0.0010619234087741421,37.53,-5.08
0.00033185106524191943,52.55,5.03
0.00013274042609676777,52.03,5.67
0.0015265149001128294,55.95,-3.22
0.008097165991902834,41.67,26.57
0.00019911063914515166,51.18,3.57
0.00013274042609676777,47.9,20.37
0.00026548085219353553,48.9,11.22
0.00013274042609676777,51.45,12.62
0.00026548085219353553,51.82,9.87
0.00013274042609676777,51.43,5.47
0.0003982212782903033,50.98,10.32
0.00019911063914515166,47.85,16.53
0.0003982212782903033,51.52,11.53
0.00019911063914515166,54.15,
0.00013274042609676777,41.1,20.08
0.00019911063914515166,51.27,7.13
6.637021304838388e-05,49.28,
0.0009955531957257582,54.17,19.42
0.0003982212782903033,38.25,-0.68
0.00033185106524191943,52.62,38.5
0.0,56.8,38.45
0.0,46.32,44.27
0.00013274042609676777,52.91,-2.89
0.0007964425565806067,38.88,-7.17
0.00026548085219353553,52.4,0.26
0.0007964425565806067,53.37,7.2
0.00033185106524191943,51.83,6.27
0.0,51.48,46.12
0.00033185106524191943,50.7,4.03
0.0012610340479192938,52.7,5.28
0.0007300723435322228,37.57,14.28
6.637021304838388e-05,52.22,6.88
0.00013274042609676777,49.05,3.95
0.00026548085219353553,48.18,6.45
0.00119466383487091,50.97,11.02
6.637021304838388e-05,49.6,11.02
0.00013274042609676777,50.82,6.27
0.00013274042609676777,60.2,24.65
0.00013274042609676777,51.47,7.02
0.0003982212782903033,48.75,9.32
0.00026548085219353553,45.22,11.67
0.000597331917435455,37.3,-4.9
0.0003982212782903033,38.85,-7.58
0.00013274042609676777,47.8,18.75
0.00033185106524191943,48.43,2.15
0.00026548085219353553,50.05,1.42
0.00019911063914515166,50.63,6.03
0.00013274042609676777,45.2,33.37
0.00019911063914515166,51.12,3.7
0.0007964425565806067,38.57,-7.9
0.00033185106524191943,49.02,1.15
0.0007300723435322228,50.72,-3.52
0.0008628127696289905,44.28,11.88
0.0003982212782903033,48.9,-0.2
0.00026548085219353553,60.6,15.63
0.00026548085219353553,43.83,13.02
0.00033185106524191943,37.02,-7.93
0.00026548085219353553,40.83,17.37
0.00026548085219353553,37.4,13.67
0.00026548085219353553,49.75,0.37
0.00026548085219353553,39.47,3.13
0.0009291829826773744,45.05,35.38
0.00019911063914515166,41.68,13.25
0.0019911063914515165,44.83,11.58
0.00026548085219353553,43.48,-8.23
0.00013274042609676777,44.53,2.03
0.00026548085219353553,42.27,2.95
0.00026548085219353553,40.15,-8.85
0.004911395765580408,43.77,11.25
0.0003982212782903033,54.78,9.43
0.0,45.7,27.17
0.0004645914913386872,41.45,15.57
0.0003982212782903033,42.95,12.7
0.00019911063914515166,41.35,13.42
0.00019911063914515166,48.4,2.7
0.00019911063914515166,46.47,-0.8
0.0007300723435322228,44.22,12.05
0.0007300723435322228,44.55,7.72
0.00019911063914515166,43.7,12.8
0.00026548085219353553,48.35,-1.2
0.00019911063914515166,41.53,0.35
0.00026548085219353553,40.32,17.58
0.00026548085219353553,53.18,5.53
0.00013274042609676777,50.9,13.02
0.0015928851131612133,50.1,8.67
0.0015928851131612133,50.1,8.67
0.0007300723435322228,52.33,14.55
0.0006637021304838389,50.9,13.33
0.0004645914913386872,47.98,7.85
0.00033185106524191943,46.8,7.15
6.637021304838388e-05,51.23,-2.32
0.00026548085219353553,41.63,13.32
6.637021304838388e-05,40.28,-3.8
0.00013274042609676777,38.52,-6.47
0.00026548085219353553,38.47,-5.33
0.00019911063914515166,49.47,10.98
0.0003982212782903033,50.55,9.68
0.00019911063914515166,32.8,-16.92
0.0007300723435322228,41.2,13.58
0.00019911063914515166,60.67,17.17
0.00026548085219353553,43.9,1.88
0.00019911063914515166,45.43,28.05
0.00013274042609676777,58.33,42.2
0.0003982212782903033,40.05,17.97
0.00033185106524191943,53.27,-9.05
0.00013274042609676777,38.98,-0.18
0.00019911063914515166,37.68,14.17
0.00026548085219353553,44.57,6.08
0.00013274042609676777,54.95,-1.6
0.0029866595871772747,54.38,18.67
0.0,54.5,18.55
0.00033185106524191943,37.07,14.25
6.637021304838388e-05,48.85,20.95
0.0,51.52,7.1
0.001128293621822526,46.2,6.15
0.0042476936350965685,44.42,8.95
0.0026548085219353554,51.05,3.72
6.637021304838388e-05,48.82,2.35
0.00019911063914515166,50.7,12.18
0.00026548085219353553,50.77,3.87
0.00026548085219353553,41.98,2.82
0.00026548085219353553,40.3,-3.72
0.00019911063914515166,37.78,12.98
0.00013274042609676777,,
0.00026548085219353553,50.58,8.7
0.00026548085219353553,43.53,-5.67
6.637021304838388e-05,51.37,0.55
0.00033185106524191943,40.77,16.93
0.0005309617043870711,41.18,16.67
0.00026548085219353553,40.93,14.2
6.637021304838388e-05,43.88,25.97
0.00013274042609676777,45.58,4.77
0.0005309617043870711,42.37,20.43
0.0006637021304838389,55.86,-4.26
0.00013274042609676777,50.82,12.53
6.637021304838388e-05,50.28,18.67
0.00033185106524191943,51.67,16.08
0.00026548085219353553,51.87,-2.24
0.00013274042609676777,53.78,9.42
0.00026548085219353553,51.67,33.9
6.637021304838388e-05,47.92,13.8
0.00026548085219353553,52.53,17.6
0.00013274042609676777,48.7,9.67
0.0004645914913386872,51.15,14.99
0.00019911063914515166,51.5,3.9
0.00019911063914515166,57.72,11.97
0.00033185106524191943,51.53,9.95
0.000597331917435455,51.83,4.98
0.0004645914913386872,45.95,13.63
0.0007300723435322228,56.33,
0.00019911063914515166,52.7,15.2
0.0004645914913386872,51.9,10.42
6.637021304838388e-05,50.79,-1.12
0.00033185106524191943,50.95,10.72
0.0009955531957257582,52.02,4.72
0.00013274042609676777,40.68,14.52
0.0,37.22,14.63
0.0015265149001128294,37.22,-3.68
0.00013274042609676777,48.83,-1.58
0.0004645914913386872,43.67,6.92
0.00013274042609676777,51.44,0.37
0.000597331917435455,40.82,16.42
0.00026548085219353553,47.45,5.58
0.0008628127696289905,47.08,15.37
0.000597331917435455,52.61,1.73
0.00013274042609676777,55.95,-4.76
0.00013274042609676777,51.48,
0.00019911063914515166,54.08,13.38
0.0009955531957257582,45.17,5.72
0.00019911063914515166,51.23,12.72
6.637021304838388e-05,53.56,-0.07
0.00033185106524191943,53.67,23.82
0.0013937744740160616,53.22,6.55
0.00013274042609676777,51.28,13.52
0.0,43.33,45.65
0.00019911063914515166,53.48,18.75
0.00033185106524191943,40.63,-3.17
0.0003982212782903033,37.32,-3.13
0.00026548085219353553,43.35,12.58
0.00026548085219353553,51.98,14.7
0.0003982212782903033,47.33,-2.43
0.00013274042609676777,53.8,12.17
6.637021304838388e-05,51.24,-0.57
0.0004645914913386872,41.45,-8.3
0.00026548085219353553,48.55,-3.18
6.637021304838388e-05,54.6,22.2
6.637021304838388e-05,47.78,19.93
0.00026548085219353553,47.7,17.63
0.00013274042609676777,46.65,21.27
0.0025220680958385876,52.38,4.63
6.637021304838388e-05,51.37,7.48
0.00026548085219353553,48.82,7.78
0.00019911063914515166,47.68,21.5
0.00013274042609676777,47.45,21.42
0.00013274042609676777,47.65,21.5
0.0007300723435322228,51.9,11.07
6.637021304838388e-05,59.13,11.38
0.00019911063914515166,53.73,-1.86
0.0004645914913386872,51.48,11.97
0.003517621291564346,53.55,9.98
0.00013274042609676777,52.1,9.35
0.00033185106524191943,55.78,-4.05
0.00019911063914515166,51.67,7.82
0.00019911063914515166,51.1,4.13
0.00013274042609676777,50.13,8.92
0.000597331917435455,52.4,9.73
0.00013274042609676777,48.78,10.68
0.00019911063914515166,52.35,5.6
6.637021304838388e-05,,36.25
0.000597331917435455,53.3,5.4
0.0,54.69,-1.21
6.637021304838388e-05,53.71,-2.33
0.00013274042609676777,43.38,-1.3
0.00033185106524191943,50.93,5.33
6.637021304838388e-05,51.4,7.18
0.00026548085219353553,50.72,2.53
6.637021304838388e-05,50.9,5.98
0.00019911063914515166,49.42,8.72
0.0003982212782903033,49.13,9.22
0.00033185106524191943,38.52,-1.72
0.00019911063914515166,51.48,5.67
0.00019911063914515166,52.22,
0.00026548085219353553,56.05,12.63
6.637021304838388e-05,60.13,
0.00019911063914515166,52.06,-2.72
0.00019911063914515166,52.1,8.67
0.00026548085219353553,47.38,9.28
0.0,51.55,7.22
0.0,46.63,32.58
0.000597331917435455,52.15,9.95
0.00013274042609676777,52.23,5.17
0.00026548085219353553,38.5,-5.15
0.00019911063914515166,46.42,20.37
0.00019911063914515166,50.3,11.92
0.00013274042609676777,52.35,30.98
0.00026548085219353553,50.98,2.58
0.00013274042609676777,49.42,0.23
6.637021304838388e-05,52.72,6.48
0.0010619234087741421,52.63,5.07
0.0,48.3,38.05
0.00026548085219353553,38.57,-6.07
0.00019911063914515166,53.65,-1.78
0.00013274042609676777,51.13,7.33
0.00026548085219353553,37.27,-6.95
0.00026548085219353553,37.38,-1.93
0.00026548085219353553,42.13,-0.42
0.00033185106524191943,40.13,-2.68
0.00033185106524191943,53.75,-0.33
0.00033185106524191943,54.47,9.05
0.0003982212782903033,50.52,5.23
0.00026548085219353553,43.12,6.12
0.001128293621822526,47.17,27.58
0.00013274042609676777,52.27,7.72
0.00019911063914515166,50.93,11.58
0.0005309617043870711,50.85,2.88
0.00033185106524191943,43.52,13.23
0.00026548085219353553,39.92,8.53
0.00013274042609676777,48.95,20.57
0.00019911063914515166,41.58,1.62
0.00026548085219353553,40.6,-8.67
6.637021304838388e-05,52.97,-1.31
0.0003982212782903033,44.35,11.7
0.0003982212782903033,48.77,11.45
0.0003982212782903033,47.27,11.4
0.0005309617043870711,57.47,-4.23
0.0007964425565806067,39.67,20.83
0.0003982212782903033,52.07,1.17
0.0007964425565806067,35.33,25.15
0.00013274042609676777,51.37,7.68
0.00019911063914515166,41.58,14.23
0.00019911063914515166,45.55,3.25
0.00033185106524191943,46.95,
0.04579544700338488,41.02,28.95
0.00019911063914515166,,
6.637021304838388e-05,48.92,24.72
0.00013274042609676777,,40.98
0.00026548085219353553,45.47,7.87
0.00026548085219353553,50.92,3.2
0.0,56.85,53.17
0.00013274042609676777,50.12,26.8
6.637021304838388e-05,49.2,37.32
0.0007300723435322228,45.35,28.83
0.0014601446870644455,37.77,-3.78
0.0005309617043870711,,22.67
0.0004645914913386872,57.62,39.87
0.00013274042609676777,47.65,19.98
6.637021304838388e-05,47.5,19.92
0.00033185106524191943,38.98,-0.52
0.00013274042609676777,38.78,-0.17
0.00026548085219353553,50.92,15.75
0.00026548085219353553,56.65,23.67
0.0020574766044999006,36.68,-6.13
0.0004645914913386872,38.32,-6.77
0.0004645914913386872,49.4,15.6
0.00013274042609676777,57.78,14.18
0.0003982212782903033,47.98,3.4
0.00026548085219353553,38.47,-1.32
6.637021304838388e-05,62.23,25.73
6.637021304838388e-05,49.43,7.77
0.00026548085219353553,56.87,35.92
0.0015265149001128294,54.72,20.5
0.00019911063914515166,51.77,18.1
0.0,37.95,23.7
0.00013274042609676777,56.67,16.37
6.637021304838388e-05,46.53,18.98
0.0004645914913386872,54.52,36.27
0.00013274042609676777,57.25,37.98
0.0,50.08,45.4
0.0004645914913386872,52.55,5.9
6.637021304838388e-05,48.67,26.6
0.00013274042609676777,53.1,
6.637021304838388e-05,47.32,20.93
0.0,56.17,15.58
0.00013274042609676777,,8.4
0.00013274042609676777,54.92,41.42
0.0005309617043870711,51.32,9.48
6.637021304838388e-05,50.25,
0.00013274042609676777,47.88,10.62
0.00019911063914515166,54.9,23.93
0.0012610340479192938,55.82,49.13
0.00026548085219353553,51.33,21.93
0.00033185106524191943,46.9,19.7
0.00026548085219353553,47.72,10.32
0.00013274042609676777,54.33,-2.75
6.637021304838388e-05,45.33,36.43
0.0005309617043870711,39.6,19.93
0.00013274042609676777,38.47,23.6
0.0,43.25,46.57
0.0,55.9,37.45
0.0003982212782903033,38.38,26.12
6.637021304838388e-05,48.5,26.52
0.00013274042609676777,52.39,-2.25
0.00026548085219353553,54.33,10.13
6.637021304838388e-05,51.72,20.62
0.0009291829826773744,50.35,30.52
0.0003982212782903033,52.67,-7.25
0.00033185106524191943,52.42,-8.58
0.0003982212782903033,52.75,0.4
0.00033185106524191943,56.11,-3.17
0.00013274042609676777,58.6,49.65
0.0,48.52,32.25
0.00019911063914515166,,28.83
0.0,46.72,19.87
0.0,46.43,19.5
0.0,43.92,42.72
0.00026548085219353553,46.63,14.33
0.00019911063914515166,55.67,21.13
0.00019911063914515166,51.8,6.18
0.00033185106524191943,50.45,16.65
6.637021304838388e-05,49.15,34.23
0.003384880865467578,55.72,12.58
6.637021304838388e-05,50.35,7.58
0.0026548085219353554,50.92,6.95
0.00019911063914515166,50.67,7.18
0.00019911063914515166,47.38,16.55
0.00019911063914515166,51.75,11.97
0.00013274042609676777,50.03,15.2
0.00033185106524191943,54.2,15.55
0.00013274042609676777,55.08,38.78
0.0003982212782903033,47.75,18.15
6.637021304838388e-05,59.65,9.65
6.637021304838388e-05,51.25,33.23
0.00019911063914515166,47.67,9.17
0.00026548085219353553,45.55,13.73
0.00019911063914515166,40.63,20.73
0.00019911063914515166,37.93,22.93
0.0,55.93,37.82
6.637021304838388e-05,51.57,32.97
0.0006637021304838389,50.82,3.17
0.00019911063914515166,48.72,21.25
0.00026548085219353553,57.77,40.92
0.00019911063914515166,52.62,14.65
0.00019911063914515166,54.18,16.18
6.637021304838388e-05,56.35,41.32
6.637021304838388e-05,54.03,35.78
6.637021304838388e-05,56.35,46.58
0.00013274042609676777,43.98,20.88
0.0019247361784031326,50.05,19.98
0.0,45.03,
6.637021304838388e-05,54.42,43.75
6.637021304838388e-05,,
0.00013274042609676777,49.07,33.42
6.637021304838388e-05,50.08,25.8
0.00033185106524191943,48.72,18.9
0.00019911063914515166,53.83,9.48
0.00026548085219353553,48.42,15.6
6.637021304838388e-05,58.13,8.02
6.637021304838388e-05,51.57,33.4
0.0,59.98,29.75
0.00013274042609676777,50.9,3.52
0.00019911063914515166,41.52,19.58
6.637021304838388e-05,47.92,33.25
6.637021304838388e-05,53.2,50.15
6.637021304838388e-05,52.43,56.93
0.0,49.68,37.62
0.0007300723435322228,51.7,36.2
0.0007300723435322228,49.98,15.27
0.0,53.13,46.58
0.00019911063914515166,53.75,18.93
0.0,41.37,2.08
0.00026548085219353553,43.17,5.6
0.00026548085219353553,43.37,-8.38
0.00119466383487091,46.17,-1.17
0.00019911063914515166,44.12,9.83
0.00026548085219353553,37.1,-8.67
0.00019911063914515166,48.4,7.87
0.00013274042609676777,60.98,25.65
0.00033185106524191943,41.1,-7.82
6.637021304838388e-05,54.05,-2.8
0.0006637021304838389,42.22,14.38
0.00013274042609676777,49.2,8.12
0.0005309617043870711,48.52,12.17
0.00026548085219353553,51.12,10.67
0.0003982212782903033,47.87,5.33
0.0003982212782903033,49.57,3.67
0.000597331917435455,38.63,22.42
0.00033185106524191943,34.92,33.63
0.00019911063914515166,28.1,-15.42
0.0,41.57,12.9
0.0003982212782903033,48.57,10.42
0.00019911063914515166,40.47,15.97
0.00033185106524191943,40.03,15.83
0.0003982212782903033,46.52,6.63
0.000597331917435455,48.07,-0.77
0.00013274042609676777,43.68,1.8
0.00026548085219353553,46.63,1.07
0.0005309617043870711,49.5,0.13
0.0008628127696289905,,0.2
0.0005309617043870711,45.03,3.88
0.0,50.3,34.5
0.00026548085219353553,36.92,-6.08
0.0013274042609676777,40.38,18.18
0.00033185106524191943,43.93,0.63
0.00033185106524191943,53.83,-1.58
0.00013274042609676777,53.11,-2.02
0.00026548085219353553,53.23,7.43
0.0010619234087741421,53.2,5.77
6.637021304838388e-05,40.32,-3.77
0.0004645914913386872,51.22,16.15
0.00026548085219353553,52.63,-1.08
0.00444680427424172,52.15,4.5
0.00119466383487091,51.32,12.37
0.00026548085219353553,39.75,-8.82
6.637021304838388e-05,50.43,2.83
0.0003982212782903033,37.28,
0.00019911063914515166,42.6,-5.57
0.00019911063914515166,42.57,12.97
0.00013274042609676777,37.63,14.4
6.637021304838388e-05,37.75,13.6
0.00013274042609676777,41.62,0.62
0.00026548085219353553,51.85,16.58
0.0007300723435322228,50.88,4.7
0.00026548085219353553,51.03,6.98
0.00026548085219353553,49.03,20.57
0.00026548085219353553,50.77,15.05
0.00019911063914515166,44.92,-0.23
0.0004645914913386872,37.08,13.93
0.00019911063914515166,52.68,-1.83
0.00026548085219353553,37.17,14.7
0.00019911063914515166,53.88,25.3
0.002455697882790204,50.63,5.57
6.637021304838388e-05,56.52,21.02
0.00033185106524191943,51.13,4.57
0.0029866595871772747,50.63,3.07
0.00013274042609676777,39.72,-3.3
0.00033185106524191943,34.68,33.03
0.0003982212782903033,52.67,-8.63
0.00026548085219353553,45.83,1.27
0.00013274042609676777,43.07,2.23
0.00019911063914515166,38.08,-3.63
0.00019911063914515166,53.23,-0.54
6.637021304838388e-05,58.42,15.62
0.00026548085219353553,48.3,14.3
0.00013274042609676777,52.62,39.6
0.00013274042609676777,51.67,8.32
0.0003982212782903033,39.63,-0.62
0.010154642596402735,38.72,-9.13
0.00033185106524191943,49.15,0.23
0.00019911063914515166,53.4,
0.0005309617043870711,43.55,10.32
0.0005309617043870711,46.05,14.52
0.0005309617043870711,38.23,-6.02
0.00026548085219353553,39.48,-2.88
0.00013274042609676777,47.13,
0.00033185106524191943,43.72,3.32
0.0007964425565806067,45.32,9.5
6.637021304838388e-05,51.78,19.47
0.00033185106524191943,42.47,-2.45
0.0004645914913386872,37.17,-4.15
0.0006637021304838389,,
0.022499502223402138,51.5,-0.17
6.637021304838388e-05,,-7.32
0.00013274042609676777,46.67,5.55
0.00019911063914515166,37.65,-5.53
0.0006637021304838389,37.67,-1.7
0.0,47.75,-3.37
0.00019911063914515166,47.02,0.08
0.00013274042609676777,52.77,-1.2
0.00026548085219353553,37.13,-8.03
0.00019911063914515166,49.22,1.17
0.00033185106524191943,43.13,24.72
0.00019911063914515166,51.13,15.3
0.00033185106524191943,51.25,22.58
0.0015265149001128294,43.83,10.48
0.0010619234087741421,37.4,-4.48
0.0003982212782903033,41.5,15.33
0.0,48.88,9.18
6.637021304838388e-05,49.48,8.45
0.0015265149001128294,53.87,10.67
0.0007964425565806067,53.25,10.42
0.00019911063914515166,46.02,8.97
0.00026548085219353553,,-7.55
0.0,48.57,39.33
6.637021304838388e-05,55.7,13.18
0.00013274042609676777,43.68,4.13
0.00013274042609676777,48.59,6.5
0.00013274042609676777,51.9,-0.4
0.00026548085219353553,49.6,6.15
0.00026548085219353553,47.05,8.3
0.0009955531957257582,49.83,
0.003849472356806265,45.75,4.87
6.637021304838388e-05,55.68,37.88
0.00013274042609676777,51.93,4.23
0.00119466383487091,50.87,5.72
0.00026548085219353553,53.26,-2.13
0.0004645914913386872,43.3,13.45
0.00019911063914515166,46.3,4.83
0.00033185106524191943,41.03,14.38
0.006305170239596469,40.4,-3.68
0.0010619234087741421,52.12,11.63
0.0,53.38,59.03
0.00013274042609676777,42.97,47.5
0.0007300723435322228,39.9,4.25
0.00019911063914515166,51.27,0.53
0.00119466383487091,50.02,8.27
0.00013274042609676777,46.22,20.48
6.637021304838388e-05,54.32,28.85
0.00119466383487091,36.72,-4.42
0.00026548085219353553,54.03,19.02
0.00013274042609676777,50.42,6.03
0.00033185106524191943,55.6,
0.00013274042609676777,48.35,0.38
0.00019911063914515166,38.37,16.25
0.0003982212782903033,39.58,3.2
0.000597331917435455,53.5,-2.25
0.00019911063914515166,40.3,17.63
0.00013274042609676777,41.62,15.92
0.00026548085219353553,49.48,8.48
0.00026548085219353553,43.83,5.78
0.0004645914913386872,41.72,1.83
6.637021304838388e-05,53.14,-1.2
0.001725625539257981,45.15,10.8
0.00026548085219353553,,-3.38
0.00019911063914515166,50.82,8.77
0.0006637021304838389,37.33,-5.4
6.637021304838388e-05,51.39,1.38
0.00026548085219353553,46.55,15.65
0.00026548085219353553,50.65,13.17
0.00026548085219353553,40.93,14.45
0.00013274042609676777,37.95,13.42
0.00013274042609676777,47.12,37.55
0.00013274042609676777,44.5,0.17
0.0007300723435322228,37.8,12.43
0.004114953208999801,43.3,5.4
0.00019911063914515166,40.42,15.73
0.00019911063914515166,43.4,5.05
0.000597331917435455,40.7,17.33
0.0003982212782903033,37.73,-3.98
0.00013274042609676777,37.77,15.2
0.00033185106524191943,44.03,10.15
0.00026548085219353553,40.58,17.12
0.00013274042609676777,41.53,2.45
0.00026548085219353553,43.25,
0.0008628127696289905,40.67,16.62
0.00013274042609676777,50.28,3.97
0.0,48.8,30.7
0.00033185106524191943,48.3,-0.62
0.0,44.6,40.08
6.637021304838388e-05,52.05,29.23
0.0004645914913386872,38.2,15.12
0.0004645914913386872,37.3,14.22
0.00026548085219353553,48.95,2.87
0.0009955531957257582,51.03,4.47
0.00013274042609676777,46.17,24.35
0.000597331917435455,41.88,-5.03
0.0003982212782903033,41.3,-4.92
0.00026548085219353553,50.57,10.42
0.00019911063914515166,51.17,13.47
0.000597331917435455,40.98,15.67
0.00033185106524191943,37.2,15.13
0.00026548085219353553,48.53,2.67
0.00019911063914515166,38.98,-3.35
0.00026548085219353553,47.98,10.18
0.00019911063914515166,44.5,3.5
0.00019911063914515166,50.8,3.12
6.637021304838388e-05,37.6,12.87
0.00013274042609676777,52.7,6.18
0.00033185106524191943,38.92,-6.33
0.00026548085219353553,51.35,11.98
6.637021304838388e-05,51.77,-3.38
0.0029866595871772747,38.18,15.55
0.00026548085219353553,51.25,6.97
0.0012610340479192938,49.13,6.17
0.00026548085219353553,50.95,3.28
6.637021304838388e-05,,20.63
0.00013274042609676777,53.05,32.83
6.637021304838388e-05,49.55,25.33
0.001791995752306365,51.5,3.62
0.0,54.58,-1.23
0.00019911063914515166,54.23,39.03
0.00019911063914515166,48.82,16.65
0.008097165991902834,45.47,9.18
0.00033185106524191943,38.22,15.25
0.0003982212782903033,37.28,14.78
0.00019911063914515166,44.1,3.08
0.0,52.04,-0.76
0.00019911063914515166,52.28,8.92
0.0003982212782903033,37.28,14.7
0.0006637021304838389,53.9,37.57
0.00019911063914515166,41.03,14.98
0.00013274042609676777,48.3,6.13
0.00013274042609676777,49.98,33.62
0.00019911063914515166,38.03,13.47
0.00026548085219353553,48.1,20.78
6.637021304838388e-05,38.35,21.43
0.0003982212782903033,37.93,14.37
0.00026548085219353553,50.98,12.98
0.0013274042609676777,44.67,10.92
0.001128293621822526,36.85,14.78
6.637021304838388e-05,50.18,6.45
0.00019911063914515166,53.92,30.35
0.00013274042609676777,48.48,27.82
6.637021304838388e-05,45.98,18.68
0.00019911063914515166,44.1,1.08
0.00013274042609676777,53.45,44.58
0.00019911063914515166,41.07,17.08
0.0003982212782903033,41.2,16.6
0.0,37.32,-8.55
0.00019911063914515166,43.43,-7.37
0.0006637021304838389,44.38,7.82
0.00019911063914515166,42.53,-7.5
0.0007300723435322228,40.95,17.32
0.00026548085219353553,38.43,-0.83
0.0003982212782903033,38.08,13.28
0.0009955531957257582,50.47,3.93
0.00026548085219353553,45.23,11.75
0.00013274042609676777,43.88,-0.5
0.00026548085219353553,45.23,11.47
0.00019911063914515166,38.03,15.02
0.00026548085219353553,,2.75
0.0009955531957257582,44.02,1.35
0.00013274042609676777,47.52,6.78
0.00026548085219353553,45.6,4.05
0.0,46.67,4.37
0.00026548085219353553,41.7,15.95
0.0004645914913386872,38.05,12.58
0.00019911063914515166,42.53,12.03
0.00033185106524191943,37.32,
0.00033185106524191943,,4.75
6.637021304838388e-05,37.85,13.77
0.00033185106524191943,38.63,-8.22
0.00013274042609676777,43.08,11.78
0.00026548085219353553,41.07,14.63
0.00019911063914515166,40.55,16.67
0.0005309617043870711,37.6,-4.65
0.00033185106524191943,38.03,-4.38
0.0012610340479192938,43.61,3.88
6.637021304838388e-05,48.87,2.45
6.637021304838388e-05,46.43,6.92
0.000597331917435455,45.58,9.27
0.00033185106524191943,39.83,16.13
0.00026548085219353553,38.18,-1.88
0.00019911063914515166,41.33,14.67
0.00013274042609676777,40.62,-0.1
0.0004645914913386872,48.58,-3.83
0.00026548085219353553,39.88,
0.000597331917435455,37.13,-5.45
6.637021304838388e-05,53.43,41.8
0.006769761730935156,55.75,37.58
0.0,40.32,-3.87
0.0003982212782903033,36.75,-3.52
0.000597331917435455,46.57,3.33
0.00026548085219353553,38.13,-7.45
0.0,43.75,44.72
0.00013274042609676777,54.03,31.73
0.00026548085219353553,53.28,36.57
0.00013274042609676777,51.42,6.83
0.0013274042609676777,48.13,11.57
0.000597331917435455,51.95,7.62
0.00019911063914515166,38.03,-1.48
0.0004645914913386872,47.75,7.33
0.0013937744740160616,37.98,-1.12
0.0,68.97,33.08
0.00013274042609676777,55.07,42.07
0.00033185106524191943,37.58,13.75
6.637021304838388e-05,48.75,17.58
0.0,46.97,
6.637021304838388e-05,55.93,37.73
0.0,55.68,52.32
0.0003982212782903033,37.57,22.8
0.00019911063914515166,45.83,20.45
0.00019911063914515166,47.03,19.72
0.00019911063914515166,39.2,45.4
0.00013274042609676777,42.42,-2.73
0.0,43.48,43.62
0.0006637021304838389,50.47,4.87
0.0007964425565806067,48.68,6.2
0.0021238468175482843,47.22,-1.55
0.00026548085219353553,53.07,-2.52
0.019048251144886175,40.85,14.28
0.0003982212782903033,43.18,
0.0004645914913386872,40.18,18.03
0.0004645914913386872,37.3,13.8
6.637021304838388e-05,59.37,28.28
0.00013274042609676777,52.6,12.87
0.0004645914913386872,51.15,11.8
0.0,43.27,44.77
0.0,58.08,54.25
0.00013274042609676777,44.13,0.33
0.00013274042609676777,53.55,13.25
0.00013274042609676777,48.73,11.18
0.00019911063914515166,46.98,6.93
6.637021304838388e-05,47.73,16.08
0.00019911063914515166,52.92,12.8
0.00019911063914515166,51.2,6.68
0.0,53.35,13.07
0.00013274042609676777,50.42,7.45
0.00033185106524191943,,3.15
0.0,44.63,41.93
0.00026548085219353553,52.4,-6.93
0.00013274042609676777,53.08,-0.81
0.00013274042609676777,51.4,-1.32
6.637021304838388e-05,,-2.23
0.0007964425565806067,54.98,-1.58
0.00013274042609676777,52.78,-2.37
0.00019911063914515166,54.18,-6.33
0.00033185106524191943,51.05,31.9
0.00019911063914515166,38.98,16.33
0.0005309617043870711,43.7,7.25
0.0007964425565806067,37.75,14.4
0.0006637021304838389,35.17,33.37
0.00033185106524191943,51.13,2.75
6.637021304838388e-05,36.97,-2.2
6.637021304838388e-05,52.22,5.5
0.000597331917435455,51.83,5.83
0.00026548085219353553,43.7,24.9
0.0009955531957257582,43.83,4.35
0.0005309617043870711,46.3,-0.45
0.0005309617043870711,,
0.00013274042609676777,37.15,14.38
6.637021304838388e-05,48.33,18.08
0.00033185106524191943,50.6,4.33
0.0,55.63,51.82
6.637021304838388e-05,53.55,43.67
0.0,57.92,59.97
6.637021304838388e-05,,
0.00033185106524191943,40.72,14.63
0.0003982212782903033,48.85,10.5
0.00026548085219353553,48.32,0.83
6.637021304838388e-05,55.85,38.43
0.00013274042609676777,40.92,14.53
0.00019911063914515166,42.8,13.08
0.00013274042609676777,53.6,7.2
0.0004645914913386872,51.5,10.78
0.00026548085219353553,58.6,16.18
6.637021304838388e-05,,
0.00026548085219353553,52.23,-0.9
0.0015928851131612133,52.6,1.3
0.0003982212782903033,36.88,15.08
0.00026548085219353553,52.95,-1.13
0.0005309617043870711,45.47,8.63
0.00026548085219353553,38.38,-0.77
0.000597331917435455,58.52,31.28
0.00026548085219353553,44.77,8.78
6.637021304838388e-05,45.42,19.83
0.0,47.42,40.08
0.0,56.12,47.5
0.0,53.1,49.93
0.0,54.08,38.22
0.0,44.72,37.77
0.0,47.77,39.92
0.0,51.2,58.3
0.0,52.52,31.97
6.637021304838388e-05,47.98,18.15
0.00033185106524191943,49.65,20.67
0.00026548085219353553,49.58,
0.0026548085219353554,49.45,11.07
0.00013274042609676777,,
0.00026548085219353553,47.98,21.72
0.0003982212782903033,50.48,17.33
0.0,51.47,6.87
0.00026548085219353553,48.47,7.48
0.00019911063914515166,39.35,-9.15
0.0,55.1,36.62
0.0004645914913386872,39.93,-3.52
0.00026548085219353553,55.4,10.38
6.637021304838388e-05,46.47,30.73
6.637021304838388e-05,55.67,37.28
6.637021304838388e-05,59.28,15.22
6.637021304838388e-05,50.13,8.78
0.00033185106524191943,41.12,20.78
0.00019911063914515166,53.15,8.22
0.00013274042609676777,54.28,10.87
6.637021304838388e-05,53.54,-2.12
0.0003982212782903033,38.68,-7.1
0.00019911063914515166,50.3,19.55
0.0006637021304838389,49.6,17.27
0.00019911063914515166,43.2,-0.6
0.00013274042609676777,42.18,2.5
6.637021304838388e-05,53.78,20.5
0.00019911063914515166,36.93,-5.25
6.637021304838388e-05,43.1,26.42
0.00026548085219353553,38.82,-0.62
0.00019911063914515166,49.93,17.9
0.00013274042609676777,50.68,17.92
0.00013274042609676777,49.85,8.35
6.637021304838388e-05,47.05,21.95
0.00026548085219353553,44.13,4.8
0.00013274042609676777,55.8,28.97
6.637021304838388e-05,52.98,36.08
0.0,51.9,55.1
0.00019911063914515166,42.33,-7.85
0.00013274042609676777,40.5,17.63
0.000597331917435455,38.08,-0.95
0.00019911063914515166,44.77,8.78
0.00238932766974182,47.92,1.9
0.00019911063914515166,44.15,7.9
0.00013274042609676777,46.57,20.67
6.637021304838388e-05,54.5,30.4
0.0,51.2,58.57
0.00013274042609676777,43.48,-0.77
0.00019911063914515166,42.35,14.4
0.0003982212782903033,42.72,12.12
0.00033185106524191943,45.55,18.68
0.00019911063914515166,43.47,13.48
0.00019911063914515166,59.92,10.75
0.00026548085219353553,52.27,8.03
0.0,57.15,33.17
0.0003982212782903033,51.22,2.92
0.00013274042609676777,49.83,18.28
0.00013274042609676777,50.33,26.48
0.0003982212782903033,40.73,17.58
0.0007964425565806067,37.23,-5.12
6.637021304838388e-05,40.13,18.5
0.00033185106524191943,50.85,3.6
6.637021304838388e-05,65.02,25.47
0.0003982212782903033,40.87,-8.63
0.0003982212782903033,43.37,-5.83
0.0003982212782903033,51.77,-1.25
0.00026548085219353553,51.72,8.75
0.002322957456693436,45.42,11.88
0.00019911063914515166,42.77,-8.6
0.00033185106524191943,55.83,-4.43
6.637021304838388e-05,46.63,18.85
0.00013274042609676777,37.68,13.38
0.0003982212782903033,37.07,14.9
0.0005309617043870711,42.02,-4.53
0.006769761730935156,38.12,13.35
0.0012610340479192938,39.57,2.65
0.00033185106524191943,40.87,14.55
6.637021304838388e-05,37.2,13.77
6.637021304838388e-05,38.35,13.32
0.00026548085219353553,38.35,15.85
0.00026548085219353553,43.12,1.6
0.0007300723435322228,42.82,-1.63
0.00026548085219353553,44.87,20.8
6.637021304838388e-05,55.73,24.35
0.00019911063914515166,47.32,17.47
0.00019911063914515166,42.15,-4.68
0.025685272449724565,48.87,2.33
0.001791995752306365,44.8,10.33
0.0003982212782903033,37.72,12.9
0.0003982212782903033,38.05,13.12
0.0003982212782903033,48.58,13.47
0.00033185106524191943,40.42,-2.92
0.00033185106524191943,37.57,14.9
0.0003982212782903033,38.25,21.73
0.00026548085219353553,38.15,14.97
0.00026548085219353553,43.3,-0.37
0.0014601446870644455,45.17,9.17
0.00026548085219353553,42.67,20.32
0.00013274042609676777,46.08,18.22
6.637021304838388e-05,46.17,21.08
6.637021304838388e-05,38.85,-0.12
0.00019911063914515166,40.9,-5.2
0.00026548085219353553,42.45,13.92
0.00019911063914515166,53.22,
0.00019911063914515166,41.05,19.75
0.00013274042609676777,50.08,31.47
0.00019911063914515166,56.67,38.83
0.0003982212782903033,45.2,0.73
0.0,38.17,23.68
6.637021304838388e-05,,56.25
0.00019911063914515166,40.23,20.35
0.000597331917435455,43.68,2.88
0.0003982212782903033,56.4,-3.44
0.0008628127696289905,43.13,12.37
0.00013274042609676777,50.52,3.6
0.0,56.92,59.95
0.0003982212782903033,43.9,12.9
6.637021304838388e-05,42.47,14.22
0.00026548085219353553,47.5,
0.00019911063914515166,52.58,-0.25
0.00019911063914515166,37.78,14.1
0.0004645914913386872,37.8,14.1
0.0,52.32,45.38
0.0,61.78,34.33
0.00019911063914515166,43.45,3.42
0.00019911063914515166,48.9,8.7
0.0021238468175482843,45.02,9.67
0.00019911063914515166,,13.28
0.00013274042609676777,44.93,26.37
0.0009955531957257582,37.38,14.37
0.00019911063914515166,37.42,14.13
6.637021304838388e-05,52.12,26.1
0.00019911063914515166,37.95,23.63
0.00013274042609676777,37.68,21.47
6.637021304838388e-05,49.2,7.6
0.00013274042609676777,50.97,13.97
0.0007964425565806067,43.72,10.38
0.00026548085219353553,40.38,16.57
0.0005309617043870711,43.92,10.9
6.637021304838388e-05,44.87,24.87
0.00019911063914515166,38.73,16.17
0.00013274042609676777,58.38,24.5
0.0004645914913386872,40.03,-6.08
0.00013274042609676777,50.5,12.13
0.00013274042609676777,43.42,24.62
0.00013274042609676777,52.55,19.72
0.00033185106524191943,47.93,-2.4
0.00013274042609676777,44.93,26.03
0.00119466383487091,42.15,24.75
0.0004645914913386872,50.38,-4.17
0.000597331917435455,49.75,13.38
6.637021304838388e-05,54.72,44.88
0.00013274042609676777,42.45,19.27
6.637021304838388e-05,55.42,37.55
0.00013274042609676777,43.47,11.15
0.0012610340479192938,46.58,0.33
0.00013274042609676777,46.83,5.72
0.00033185106524191943,37.8,14.02
0.00026548085219353553,55.52,28.77
0.00026548085219353553,54.58,34.57
0.00019911063914515166,40.9,14.38
0.00026548085219353553,49.35,0.52
0.00013274042609676777,48.9,6.07
0.00019911063914515166,37.73,-25.67
0.00019911063914515166,41.45,13.67
0.0004645914913386872,42.43,-8.63
0.00026548085219353553,49.05,2.1
0.00013274042609676777,50.72,-0.98
0.00019911063914515166,50.85,2.72
0.00019911063914515166,37.87,-4.18
6.637021304838388e-05,61.48,21.78
0.00033185106524191943,39.28,-7.43
0.00019911063914515166,40.82,14.33
0.0012610340479192938,41.18,-8.6
0.00013274042609676777,50.8,-1.08
0.00026548085219353553,40.63,15.82
6.637021304838388e-05,52.4,13.07
0.00019911063914515166,41.38,-8.77
0.0013274042609676777,52.42,16.92
0.00019911063914515166,38.38,-4.85
0.00026548085219353553,40.82,14.12
0.00358399150461273,50.08,14.43
0.0004645914913386872,43.88,11.1
0.00013274042609676777,53.32,13.87
0.00019911063914515166,43.15,26.83
0.00026548085219353553,,21.27
0.00013274042609676777,53.76,-2.7
0.0003982212782903033,37.45,-4.2
0.00013274042609676777,50.58,32.4
0.00026548085219353553,42.65,21.17
0.0014601446870644455,42.22,20.73
0.00019911063914515166,37.72,13.43
0.0004645914913386872,40.77,14.03
0.00026548085219353553,54.12,39.6
0.00019911063914515166,49.48,17.12
0.0003982212782903033,48.58,3.3
0.00013274042609676777,49.8,22.8
0.00019911063914515166,57.83,28.33
0.00019911063914515166,37.4,-4.77
0.00019911063914515166,36.53,-6.18
0.0005309617043870711,36.6,-6.23
6.637021304838388e-05,42.43,1.93
0.0004645914913386872,40.5,17.13
0.00019911063914515166,51.35,33.88
0.0,44.03,43.05
0.0004645914913386872,51.8,11.15
0.00033185106524191943,,4.1
0.00013274042609676777,47.87,-3.55
0.00026548085219353553,37.42,13.73
0.00019911063914515166,44.77,7.67
6.637021304838388e-05,51.2,7.35
6.637021304838388e-05,51.42,21.17
0.00019911063914515166,37.42,13.53
0.000597331917435455,36.93,14.73
0.00013274042609676777,48.35,6.63
0.00019911063914515166,45.1,24.38
0.0003982212782903033,37.87,14.95
0.00013274042609676777,56.47,10.05
0.00013274042609676777,37.27,13.98
0.0009291829826773744,44.42,12.2
0.00026548085219353553,47.78,9.62
0.0,51.62,16.87
0.00026548085219353553,43.53,26.52
0.00033185106524191943,51.47,-0.98
0.00013274042609676777,51.58,7.2
0.00026548085219353553,37.65,14.63
0.0013274042609676777,49.02,12.1
0.0003982212782903033,38.12,15.65
0.0008628127696289905,44.73,10.6
0.00013274042609676777,50.62,12.3
0.0013274042609676777,49.25,4.03
6.637021304838388e-05,51.18,7.18
0.00013274042609676777,54.3,9.67
0.00019911063914515166,55.87,-4.37
0.0020574766044999006,48.08,-1.68
0.0004645914913386872,39.47,-1.13
0.00019911063914515166,40.8,14.35
0.00026548085219353553,49.52,4.37
0.00013274042609676777,41.15,1.12
0.0003982212782903033,48.48,9.18
0.0,64.13,-21.93
0.00013274042609676777,52.28,7.43
6.637021304838388e-05,51.3,6.45
0.00019911063914515166,55.35,8.77
0.00013274042609676777,48.2,7.33
0.00019911063914515166,47.02,0.32
0.0004645914913386872,42.4,12.85
0.0007964425565806067,56.95,21.1
0.00019911063914515166,45.33,14.45
0.0004645914913386872,44.07,12.57
0.0003982212782903033,45.9,3.12
0.00026548085219353553,40.93,15.68
0.00013274042609676777,45.53,4.62
0.00019911063914515166,54.63,39.48
0.00026548085219353553,46.03,4.07
6.637021304838388e-05,53.61,-2.16
6.637021304838388e-05,45.95,-0.97
0.00019911063914515166,51.39,0.5
0.00033185106524191943,44.35,2.57
0.00026548085219353553,51.2,
0.00026548085219353553,50.95,3.13
0.00769894471361253,41.9,12.48
0.00013274042609676777,46.92,26.93
0.0003982212782903033,45.05,5.05
0.00026548085219353553,47.37,1.75
0.000597331917435455,36.73,-5.17
0.00026548085219353553,50.75,3.6
0.00019911063914515166,51.53,4.47
0.00026548085219353553,55.65,12.08
0.00026548085219353553,39.58,16.63
0.0007300723435322228,54.08,12.12
0.00026548085219353553,57.18,39.42
0.0,47.23,39.7
0.00033185106524191943,36.62,-6.35
0.00033185106524191943,49.38,10.17
6.637021304838388e-05,53.43,-1.36
0.00019911063914515166,48.47,8.93
0.0029866595871772747,51.92,4.47
0.00026548085219353553,50.7,3.17
0.003915842569854649,49.43,1.08
0.00033185106524191943,45.88,11.05
0.00026548085219353553,45.07,11.78
0.00033185106524191943,45.08,13.63
6.637021304838388e-05,50.65,26.17
6.637021304838388e-05,52.48,-2.05
6.637021304838388e-05,50.27,18.85
6.637021304838388e-05,52.38,-1.25
0.00013274042609676777,51.05,3.4
0.0004645914913386872,43.83,25.95
0.00033185106524191943,37.33,-4.38
0.0003982212782903033,41.12,16.47
0.00013274042609676777,58.05,38.83
6.637021304838388e-05,50.1,18.55
0.00013274042609676777,51.58,34.65
0.00019911063914515166,50.05,
0.00019911063914515166,56.27,34.33
0.00013274042609676777,49.23,6.98
0.0,49.32,6.75
6.637021304838388e-05,41.55,2.1
6.637021304838388e-05,54.03,41.72
0.00033185106524191943,45.73,-0.63
0.001128293621822526,40.97,-5.65
0.0,53.37,55.93
0.0003982212782903033,37.8,12.8
0.000597331917435455,40.68,14.78
6.637021304838388e-05,53.48,-2.29
0.00019911063914515166,43.48,-0.92
0.0,52.8,27.53
0.00033185106524191943,46.95,5.88
0.0003982212782903033,51.07,-1.79
0.00019911063914515166,43.63,5.1
0.0029866595871772747,40.63,22.93
0.0003982212782903033,44.65,7.48
0.0007300723435322228,47.9,13.03
6.637021304838388e-05,52.15,10.4
0.00033185106524191943,52.86,11.15
0.00033185106524191943,37.65,13.1
0.00019911063914515166,41.4,15.02
0.00013274042609676777,37.48,13.98
0.00026548085219353553,39.4,-2.43
0.00026548085219353553,28.48,-16.3
0.00026548085219353553,40.8,15.55
0.00013274042609676777,36.47,-6.2
0.0005309617043870711,38.18,15.28
0.00019911063914515166,43.47,11.03
0.00033185106524191943,36.77,-6.35
0.00033185106524191943,41.72,15.63
0.00019911063914515166,43.82,7.77
0.00026548085219353553,36.22,-5.38
0.0006637021304838389,41.68,15.38
0.00019911063914515166,38.1,15.47
0.00013274042609676777,43.32,-1.98
0.00026548085219353553,50.67,21.75
0.00013274042609676777,51.28,1.33
0.00026548085219353553,38.12,14.88
6.637021304838388e-05,37.58,14.03
0.0,41.45,2.22
0.00026548085219353553,28.47,-16.25
0.00013274042609676777,37.7,13.03
0.00033185106524191943,41.08,14.25
0.00019911063914515166,43.47,-3.8
0.0012610340479192938,39.23,-8.68
0.0003982212782903033,42.88,-8.55
0.0009291829826773744,43.87,18.42
6.637021304838388e-05,54.18,45.18
6.637021304838388e-05,56.5,53.82
0.0004645914913386872,51.57,46.03
0.0,47.17,47.45
0.0004645914913386872,40.82,14.62
0.0009291829826773744,40.73,8.55
0.00019911063914515166,47.8,22.88
0.0006637021304838389,47.27,-0.08
0.0006637021304838389,44.63,7.67
0.000597331917435455,44.28,8.5
0.00019911063914515166,54.28,-0.4
0.0,50.87,4.37
0.0003982212782903033,47.7,8.63
0.0004645914913386872,51.92,4.3
0.00026548085219353553,54.52,9.55
0.00013274042609676777,50.72,10.43
0.00026548085219353553,50.6,12.63
0.00019911063914515166,48.8,9.55
0.00013274042609676777,49.47,11.02
0.00013274042609676777,48.82,9.8
0.0003982212782903033,49.12,9.73
0.0005309617043870711,47.33,11.73
0.00033185106524191943,50.05,10.27
0.00013274042609676777,53.63,11.42
0.00026548085219353553,47.03,8.57
0.0005309617043870711,37.5,13.1
0.0006637021304838389,36.8,14.72
0.00019911063914515166,39.12,16.3
6.637021304838388e-05,44.6,33.53
0.00033185106524191943,49.7,4.95
0.00013274042609676777,52.54,-2.12
6.637021304838388e-05,53.5,-2.97
0.00026548085219353553,39.85,-0.5
0.0007964425565806067,40.95,-4.12
0.0003982212782903033,48.27,7.45
0.00013274042609676777,44.82,20.42
0.00019911063914515166,48.27,7.45
0.00019911063914515166,49.2,2.58
0.00033185106524191943,48.2,3.28
6.637021304838388e-05,45.93,20.07
0.0,52.48,44.22
0.00019911063914515166,56.3,38.13
0.00019911063914515166,40.85,14.87
0.00019911063914515166,37.33,-2.48
0.00033185106524191943,37.93,-7.6
0.00019911063914515166,,37.42
6.637021304838388e-05,37.45,13.88
0.0012610340479192938,41.05,23.55
6.637021304838388e-05,43.42,3.72
0.000597331917435455,38.53,-8.9
6.637021304838388e-05,64.57,39.85
0.006570651091790005,37.38,-5.98
0.00013274042609676777,43.02,25.1
0.00019911063914515166,52.13,34.52
0.00013274042609676777,38.43,-9.1
0.0003982212782903033,41.5,13.7
0.0,47.7,40.23
0.00013274042609676777,55.9,38.02
0.00019911063914515166,,
6.637021304838388e-05,51.2,-2.55
0.0007300723435322228,42.08,19.5
0.0003982212782903033,52.71,-2.75
0.0006637021304838389,43.27,26.92
6.637021304838388e-05,55.93,23.32
0.000597331917435455,45.8,24.15
0.00013274042609676777,37.33,13.43
0.00019911063914515166,50.87,8.03
0.001128293621822526,43.32,11.35
0.00026548085219353553,,
0.0003982212782903033,44.12,27.27
0.00013274042609676777,37.18,-8.43
6.637021304838388e-05,44.95,34.08
0.00026548085219353553,43.72,13.22
0.00013274042609676777,46.08,20.62
0.00019911063914515166,46.24,7.33
0.0009291829826773744,37.07,15.28
0.00033185106524191943,44.2,5.93
0.00026548085219353553,48.85,17.23
6.637021304838388e-05,53.83,39.57
0.000597331917435455,41.98,21.43
0.00026548085219353553,54.28,-8.47
0.0008628127696289905,42.67,26.32
0.00013274042609676777,53.08,25.35
6.637021304838388e-05,51.51,-0.59
0.00013274042609676777,54.47,17.02
0.00026548085219353553,44.67,20.93
0.0027875489480321232,54.78,32.05
0.00026548085219353553,53.03,5.67
0.0,43.58,39.72
0.0004645914913386872,51.57,8.12
0.0006637021304838389,42.68,23.32
0.00019911063914515166,50.58,4.07
0.0003982212782903033,49.37,3.33
0.00026548085219353553,38.93,-3.23
0.00013274042609676777,59.63,56.77
6.637021304838388e-05,51.17,7.08
0.00033185106524191943,39.77,2.7
6.637021304838388e-05,50.45,3.43
0.00026548085219353553,40.83,14.85
0.00026548085219353553,47.22,7.53
0.00019911063914515166,45.77,19.12
0.00033185106524191943,47.68,16.6
0.00026548085219353553,41.72,13.62
0.00033185106524191943,41.77,-2.47
6.637021304838388e-05,48.13,28.2
0.00019911063914515166,37.17,15.03
6.637021304838388e-05,50.28,19.13
0.00019911063914515166,40.07,-8.63
0.00033185106524191943,54.99,-1.43
0.00019911063914515166,50.9,-1.4
0.0,,0.71
0.00026548085219353553,55.08,21.88
0.00013274042609676777,52.53,13.2
0.0,53.6,43.18
0.00026548085219353553,49.32,8.43
0.00026548085219353553,43.52,16.45
0.0003982212782903033,42.73,12.73
0.00026548085219353553,51.76,-0.34
0.00013274042609676777,46.72,2.48
0.0003982212782903033,50.45,3.43
0.0006637021304838389,56.34,-2.8
0.00033185106524191943,48.52,-2.78
0.00013274042609676777,45.47,4.5
0.00026548085219353553,48.28,6.95
0.00013274042609676777,48.63,4.97
0.0006637021304838389,45.43,4.4
0.00026548085219353553,45.03,3.08
0.00033185106524191943,47.42,9.38
0.0003982212782903033,48.9,2.08
0.00013274042609676777,43.68,4.43
0.0,53.45,-2.75
0.00033185106524191943,45.95,-0.52
0.00019911063914515166,45.88,0.9
0.00019911063914515166,45.83,1.48
0.00033185106524191943,49.08,-1.08
0.001128293621822526,48.65,-2.02
0.00013274042609676777,48.25,7.18
0.00019911063914515166,48.9,5.55
0.00013274042609676777,47.28,-2.18
0.0007300723435322228,50.75,2.25
0.00019911063914515166,49.45,-2.53
0.0,59.92,30.25
0.00026548085219353553,48.7,
0.0003982212782903033,49.85,3.28
0.00019911063914515166,51.17,4.13
0.00033185106524191943,50.8,5.2
0.00019911063914515166,53.6,9.47
6.637021304838388e-05,52.81,-2.12
0.000597331917435455,42.42,25.63
0.00033185106524191943,,31.37
0.00013274042609676777,53.33,15.03
0.00026548085219353553,52.58,32.77
6.637021304838388e-05,49.8,21.17
0.00013274042609676777,51.33,37.83
0.00013274042609676777,58.97,5.75
0.0,45.05,41.98
0.00026548085219353553,52.6,11.85
0.0,55.63,55.95
0.00019911063914515166,49.75,17.33
0.0004645914913386872,48.05,14.42
0.0012610340479192938,59.33,18.05
6.637021304838388e-05,53.41,-2.15
6.637021304838388e-05,54.57,-1.32
6.637021304838388e-05,,-2.17
0.0007964425565806067,54.32,13.13
0.0016592553262095972,48.58,7.75
0.00019911063914515166,48.88,12.57
6.637021304838388e-05,51.75,-2.2
0.0007300723435322228,48.77,9.18
0.00013274042609676777,46.1,19.65
0.0004645914913386872,47.65,26.32
6.637021304838388e-05,44.87,34.95
0.0,51.2,35.25
0.00026548085219353553,50.62,10.72
0.00019911063914515166,52.1,15.62
0.00026548085219353553,42.05,13.93
6.637021304838388e-05,50.92,34.75
0.00026548085219353553,54.91,-1.38
0.00013274042609676777,52.56,-1.82
0.00019911063914515166,56.43,40.45
0.00013274042609676777,55.07,10.63
0.0,56.83,
0.00019911063914515166,43.62,25.33
0.00013274042609676777,51.63,-3.95
0.0003982212782903033,50.85,16.48
0.00013274042609676777,61.67,50.8
0.0,53.17,48.48
0.00013274042609676777,46.8,21.67
0.0,46.87,20.57
0.0007300723435322228,53.4,14.53
0.00033185106524191943,46.25,20.15
0.00019911063914515166,47.2,18.42
6.637021304838388e-05,46.35,18.7
0.0,46.65,20.27
6.637021304838388e-05,47.17,20.2
0.00013274042609676777,,
0.00019911063914515166,42.52,-1.67
0.0,47.23,38.92
0.0004645914913386872,39.95,-4.83
0.0006637021304838389,59.42,24.75
6.637021304838388e-05,52.72,41.42
0.0,53.5,-2.1
0.0,61.5,23.77
0.00026548085219353553,37.87,15.28
0.0009291829826773744,40.47,17.25
0.00033185106524191943,43.8,4.67
0.00026548085219353553,41.9,-1.73
0.00033185106524191943,43.23,0.08
0.0004645914913386872,36.02,-5.6
6.637021304838388e-05,50.02,
0.00026548085219353553,41.12,1.25
0.00013274042609676777,41.57,
0.00026548085219353553,58.33,26.73
0.00026548085219353553,42.2,24.33
0.00013274042609676777,51.02,-3.1
0.0004645914913386872,37.12,-7.65
0.00019911063914515166,40.98,27.52
0.0,52.68,-2.45
0.00033185106524191943,39.7,-3.5
0.00019911063914515166,51.13,4.22
0.00019911063914515166,42.67,13.72
0.00033185106524191943,41.13,16.55
0.0005309617043870711,37.98,13.7
0.00033185106524191943,42.57,12.62
0.00013274042609676777,49.57,25.6
0.00019911063914515166,41.28,13.25
0.00013274042609676777,40.35,-1.1
0.00019911063914515166,,20.98
0.00019911063914515166,45.85,3.57
0.00013274042609676777,,6.17
0.00013274042609676777,51.9,5.42
0.00013274042609676777,,3.32
0.00026548085219353553,50.8,4.95
0.00033185106524191943,51.57,5.08
0.00013274042609676777,45.76,21.23
0.0003982212782903033,43.33,-6.42
0.00019911063914515166,41.33,19.83
0.00019911063914515166,44.93,25.46
0.00019911063914515166,46.55,
0.00033185106524191943,43.85,19.85
0.00033185106524191943,50.9,-3.49
0.00026548085219353553,41.97,12.8
0.00019911063914515166,54.32,8.93
0.00013274042609676777,47.18,20.4
0.002853919161080507,39.87,-4.02
0.00019911063914515166,43.13,-2.07
0.0,53.48,49.52
0.00026548085219353553,39.6,-8.42
0.00019911063914515166,39.15,-3.02
0.00033185106524191943,50.78,5.47
0.00019911063914515166,44.38,0.32
0.00026548085219353553,41.5,
0.00033185106524191943,51.57,
6.637021304838388e-05,51.07,3.1
0.0015928851131612133,45.05,7.67
0.00033185106524191943,41.52,-5.4
0.00019911063914515166,56.5,31.65
0.00033185106524191943,40.75,14.45
0.000597331917435455,40.78,14.37
0.00033185106524191943,37.77,-3.95
0.0,37.97,-0.68
0.0003982212782903033,44.9,8.87
0.00019911063914515166,38.03,14.82
0.00026548085219353553,40.8,0.52
0.0009955531957257582,53.03,18.58
0.00026548085219353553,57.05,34.97
0.00026548085219353553,37.77,-1.5
0.00026548085219353553,48.68,5.9
0.0010619234087741421,43.12,5.93
0.002721178734983739,43.6,1.43
0.000597331917435455,50.73,3.17
0.0015928851131612133,50.6,3.38
0.00019911063914515166,45.08,4.82
0.0013274042609676777,47.38,0.68
6.637021304838388e-05,54.63,24.93
0.00019911063914515166,52.27,-9.7
0.000597331917435455,41.28,16.42
0.0012610340479192938,38.02,12.52
0.00026548085219353553,46.07,11.13
0.00026548085219353553,45.52,9.58
0.0007964425565806067,45.67,12.25
0.00026548085219353553,49.75,6.63
0.00033185106524191943,45.67,13.77
0.00019911063914515166,39.57,21.77
0.00019911063914515166,45.2,8.3
0.00013274042609676777,37.52,22.35
0.00026548085219353553,48.38,17.58
0.0003982212782903033,37.78,14.62
0.00019911063914515166,63.42,10.42
0.001128293621822526,48.3,4.08
0.00033185106524191943,39.47,-5.88
0.0005309617043870711,42.08,-1.6
0.00026548085219353553,48.52,9.07
0.00026548085219353553,54.2,37.62
0.00019911063914515166,45.27,1.72
6.637021304838388e-05,51.13,0.26
0.00019911063914515166,46.57,23.78
0.00026548085219353553,60.45,22.25
0.00033185106524191943,51.32,4.95
0.00013274042609676777,44.05,26.62
0.00026548085219353553,42.05,-8.65
0.00013274042609676777,50.17,
0.0,55.02,-1.4
0.0009955531957257582,38.02,-3.37
0.0007964425565806067,46.05,13.23
6.637021304838388e-05,54.73,55.93
0.00013274042609676777,57.5,38.33
0.0009291829826773744,48.4,
6.637021304838388e-05,54.33,48.4
0.00013274042609676777,48.75,30.17
0.00013274042609676777,51.53,7.68
0.00013274042609676777,59.87,17.63
6.637021304838388e-05,51.23,51.37
0.00019911063914515166,43.72,12.63
0.00013274042609676777,50.66,14.04
0.00019911063914515166,39.55,-1.22
0.0019911063914515165,52.08,5.13
0.0006637021304838389,37.18,-5.78
0.00019911063914515166,44.02,4.42
6.637021304838388e-05,47.78,19.13
0.00033185106524191943,38.77,-3.38
0.00033185106524191943,44.93,4.9
0.0037831021437578815,39.47,-0.37
0.001128293621822526,50.3,3.53
0.00026548085219353553,45.02,8.63
6.637021304838388e-05,49.85,35.63
0.00019911063914515166,39.82,-0.25
0.001725625539257981,41.65,-4.72
0.0014601446870644455,35.9,14.52
0.00019911063914515166,41.28,1.25
0.00019911063914515166,49.52,
0.000597331917435455,47.65,-2.77
0.00013274042609676777,60.3,25.03
0.00026548085219353553,45.67,8.63
0.00019911063914515166,46.32,16.33
0.000597331917435455,43.22,27.92
0.00013274042609676777,50.2,30.32
0.00013274042609676777,59.62,16.53
0.00033185106524191943,42.12,14.7
0.0,53.1,6.87
0.00013274042609676777,51.37,7.03
0.00019911063914515166,37.68,-2.08
0.0003982212782903033,36.78,-4.1
0.00026548085219353553,37.65,-2.07
6.637021304838388e-05,56.33,30.53
0.00033185106524191943,43.07,25.65
0.00019911063914515166,60.77,46.3
0.00019911063914515166,55.6,31.11
0.0005309617043870711,41.68,12.78
0.00033185106524191943,47.8,1.07
0.00955731067896728,45.45,12.35
0.0003982212782903033,51.4,6.17
0.00019911063914515166,43.78,7.62
0.00026548085219353553,54.37,38.25
0.000597331917435455,45.32,8.42
0.00026548085219353553,52.92,9.22
0.00026548085219353553,49.17,5.4
0.00013274042609676777,43.85,1.23
0.00026548085219353553,41.68,13.43
0.0026548085219353554,45.45,
6.637021304838388e-05,48.8,2.13
0.0003982212782903033,50.58,5.87
0.00013274042609676777,47.63,6.17
0.00013274042609676777,47.1,17.92
0.00013274042609676777,51.07,2.67
0.00019911063914515166,46.47,6.85
0.0004645914913386872,41.7,-8.83
0.00026548085219353553,38.67,16.1
0.00013274042609676777,37.82,13.57
0.0018583659653547489,45.55,11.55
0.0004645914913386872,41.93,2.27
0.00026548085219353553,41.9,15.95
0.0007300723435322228,43.98,22.87
0.0004645914913386872,45.52,4.87
0.00019911063914515166,51.25,6.38
0.00033185106524191943,47.23,2.05
0.00019911063914515166,41.88,16.17
0.0005309617043870711,45.32,8.85
0.00013274042609676777,42.23,-8.72
0.00019911063914515166,44.85,7.5
0.0004645914913386872,,-8.62
0.00026548085219353553,41.28,-7.75
0.00019911063914515166,38.77,-7.42
0.00026548085219353553,38.12,-3.08
0.00013274042609676777,38.57,-6.33
0.00019911063914515166,44.78,7.55
0.00013274042609676777,38.5,-0.23
0.00013274042609676777,42.1,-5.03
0.00019911063914515166,38.33,-4.62
0.00019911063914515166,39.43,-1.97
0.00019911063914515166,38.97,-5.8
0.00033185106524191943,38.73,-2.98
6.637021304838388e-05,41.23,1.73
0.00013274042609676777,39.93,-0.13
0.0003982212782903033,39.27,-2.6
0.0006637021304838389,44.35,2.03
0.00019911063914515166,45.98,4.72
0.00026548085219353553,38.63,-0.85
0.00026548085219353553,44.25,0.43
6.637021304838388e-05,45.77,4.88
0.0026548085219353554,54.68,25.32
0.00026548085219353553,40.48,0.47
0.00033185106524191943,48.83,-0.88
0.00019911063914515166,57.63,18.3
0.00033185106524191943,55.2,30.18
0.0007300723435322228,42.42,12.1
0.0003982212782903033,42.85,-2.67
0.0005309617043870711,48.13,-0.88
0.00033185106524191943,48.73,4.6
0.0,36.95,14.53
0.00019911063914515166,43.65,-7.58
0.00026548085219353553,40.8,-7.92
0.000597331917435455,37.17,14.85
0.00019911063914515166,55.22,34.3
0.00019911063914515166,51.9,4.35
0.0,43.02,44.68
0.00019911063914515166,56.17,40.42
0.0003982212782903033,51.43,3.58
0.00026548085219353553,40.48,19.48
0.00026548085219353553,44.98,9.02
0.00026548085219353553,45.37,5.58
0.0,47.52,42.15
6.637021304838388e-05,48.7,44.48
0.00026548085219353553,59.2,39.92
0.00013274042609676777,39.7,22.35
0.0,52.05,47.38
0.00026548085219353553,43.4,10.85
0.0,48.78,44.77
0.00033185106524191943,51.67,39.17
0.0004645914913386872,40.67,20.55
0.00019911063914515166,45.12,21.3
0.00013274042609676777,60.7,28.73
0.00013274042609676777,57.58,34.57
0.00013274042609676777,53.68,-1.49
6.637021304838388e-05,50.78,16.28
0.00033185106524191943,52.58,-1.97
0.00026548085219353553,51.48,9.17
6.637021304838388e-05,50.88,3.42
0.00019911063914515166,51.21,-2.18
6.637021304838388e-05,53.39,-2.6
0.0008628127696289905,52.25,
0.00019911063914515166,52.28,-1.59
0.00019911063914515166,52.25,-7.1
0.00013274042609676777,50.72,4.62
0.00033185106524191943,51.25,5.72
0.00033185106524191943,50.98,11.32
0.00019911063914515166,51.2,11.97
0.00013274042609676777,52.7,-2.52
0.00026548085219353553,48.17,14.03
0.00013274042609676777,51.38,
0.00033185106524191943,51.67,6.63
6.637021304838388e-05,52.53,-2.02
0.00019911063914515166,51.53,0.01
0.00013274042609676777,,3.88
0.00019911063914515166,50.55,8.55
0.00019911063914515166,52.33,-6.45
0.00013274042609676777,54.49,-0.62
0.00019911063914515166,54.55,-3.59
0.004977765978628791,48.22,16.33
0.00026548085219353553,47.82,16.25
6.637021304838388e-05,50.08,8.23
0.00013274042609676777,53.54,-2.63
0.00019911063914515166,51.06,-1.31
0.00013274042609676777,,-0.6095
0.00013274042609676777,51.07,3.27
0.00013274042609676777,51.97,6.73
0.00013274042609676777,47.5,8.72
0.00026548085219353553,53.88,11.47
0.00013274042609676777,49.03,7.95
0.00026548085219353553,51.87,12.65
0.0003982212782903033,52.17,10.53
0.0,52.42,10.78
6.637021304838388e-05,53.84,14.62
0.00026548085219353553,52.6,-2.13
0.00013274042609676777,51.5,0.07
0.0004645914913386872,52.19,-2.22
6.637021304838388e-05,54.64,-3.55
0.00019911063914515166,52.95,5.43
0.00019911063914515166,49.63,8.37
0.0026548085219353554,51.1,
0.00013274042609676777,51.8,16.32
6.637021304838388e-05,51.28,7.03
0.0007964425565806067,49.8,9.93
0.00019911063914515166,51.27,7.22
0.0003982212782903033,38.6,-1.12
0.00026548085219353553,39.9,-3.63
0.00019911063914515166,39.43,-1.75
0.0007964425565806067,53.97,-1.08
6.637021304838388e-05,56.63,47.87
0.00026548085219353553,45.15,4.12
0.00013274042609676777,49.62,0.77
0.00033185106524191943,52.43,4.82
6.637021304838388e-05,50.3,18.78
0.00019911063914515166,44.12,15.23
0.00026548085219353553,51.62,15.32
0.00033185106524191943,45.8,15.97
0.000597331917435455,37.87,20.73
0.00013274042609676777,47.18,23.05
0.0004645914913386872,41.5,-5.72
0.00033185106524191943,50.72,23.25
0.0,47.83,35.17
0.001791995752306365,41.63,-0.88
0.00013274042609676777,54.77,38.88
0.00019911063914515166,51.05,12.13
0.00019911063914515166,51.07,4.03
0.0,55.85,48.52
6.637021304838388e-05,50.18,34.37
0.0004645914913386872,51.97,12.1
0.0,55.75,38.02
0.0,55.6,38.12
0.0004645914913386872,51.98,15.52
0.0007300723435322228,51.63,3.92
0.00026548085219353553,50.27,28.67
0.0004645914913386872,50.9,14.83
0.0,53.75,34.75
0.0,55.17,59.67
6.637021304838388e-05,51.13,15.92
0.00013274042609676777,48.87,16.03
6.637021304838388e-05,52.05,4.48
6.637021304838388e-05,49.8,24.85
6.637021304838388e-05,49.65,32.08
0.00019911063914515166,51.12,3.55
0.00019911063914515166,45.4,20.4
0.0005309617043870711,47.38,8.53
0.00033185106524191943,52.13,6.2
0.00013274042609676777,49.25,7.35
0.00033185106524191943,50.73,12.48
0.0007300723435322228,52.5,6.08
0.00013274042609676777,47.18,3.02
0.00013274042609676777,47.1,6.83
0.00013274042609676777,47.7,-0.08
0.0,43.18,5.88
0.00013274042609676777,48.75,0.63
0.00013274042609676777,50.1,3.55
0.0,46.8,4.43
0.00026548085219353553,47.3,-2.52
0.00013274042609676777,47.05,6.75
0.00019911063914515166,46.5,-1.78
0.0013274042609676777,52.08,4.27
0.0006637021304838389,51.7,5.3
